I001,I002,I003,I004,I016,I006,I007,I008,I009,I010,I013,I014,I015,I018,I017,I019,I020,I021,I022,I023
any recommendation for <dish>,any recommendation for <dish> at <location>,any recommendation for <cuisine> restaurant,any recommendation for <cuisine> restaurant at <location>,<dish>,yes,no,<location>,actually I am looking for somewhere at <location>,<cuisine>,<time> <date> for <pax> person,<dish> is <taste>,food is good,price is expensive,service is good,ambience is good,service is good and ambience is good,hi,any recommendation for <dish> at <mrt>,any recommendation for <cuisine> restaurant at <mrt>
I am looking for <dish>,I am looking for <dish> at <location>,any recommendation for <cuisine> cuisine,any recommendation for <cuisine> cuisine at <location>,<taste> <dish>,sure,it's okay,<mrt>,actually I am looking for somewhere near <location>,<cuisine> food,<time> <date> for <pax> pax,<dish> was <taste>,food was alright,price was reasonable,service was alright,ambience was alright,service was alright and ambience was alright,hello,I am looking for <dish> at <mrt>,any recommendation for <cuisine> cuisine at <mrt>
any recommendation for <taste> <dish>,any recommendation for <dish> near <location>,any recommendation for <cuisine> food,any recommendation for <cuisine> food at <location>,0,ok,no thanks,0,actually I am looking for somewhere at <mrt>,<cuisine> restaurant,0,<dish> is very <taste>,food is very delicious,price is cheap,0,0,0,hi there,any recommendation for <dish> near <mrt>,any recommendation for <cuisine> food at <mrt>
I am looking for <taste> <dish>,I am looking for <dish> near <location>,I am looking for <cuisine> restaurant,I am looking for <cuisine> restaurant at <location>,0,okay,0,0,actually I am looking for somewhere near <mrt>,<cuisine> cuisine,0,<dish> was very <taste>,0,0,0,0,0,good afternoon,I am looking for <dish> near <mrt>,I am looking for <cuisine> restaurant at <mrt>
0,any recommendation for <taste> <dish> at <location>,I am looking for <cuisine> cuisine,I am looking for <cuisine> cuisine at <location>,0,yup,0,0,0,0,0,<dish> taste <taste>,0,0,0,0,0,good morning,any recommendation for <taste> <dish> at <mrt>,I am looking for <cuisine> cuisine at <mrt>
0,I am looking for <taste> <dish> at <location>,I am looking for <cuisine> food,I am looking for <cuisine> food at <location>,0,0,0,0,0,0,0,0,0,0,0,0,0,hi hi,I am looking for <taste> <dish> at <mrt>,I am looking for <cuisine> food at <mrt>
0,any recommendation for <taste> <dish> near <location>,0,any recommendation for <cuisine> restaurant near <location>,0,0,0,0,0,0,0,0,0,0,0,0,0,hey,any recommendation for <taste> <dish> near <mrt>,any recommendation for <cuisine> restaurant near <mrt>
0,I am looking for <taste> <dish> near <location>,0,any recommendation for <cuisine> cuisine near <location>,0,0,0,0,0,0,0,0,0,0,0,0,0,hey there,I am looking for <taste> <dish> near <mrt>,any recommendation for <cuisine> cuisine near <mrt>
0,0,0,any recommendation for <cuisine> food near <location>,0,0,0,0,0,0,0,0,0,0,0,0,0,what's up,0,any recommendation for <cuisine> food near <mrt>
0,0,0,I am looking for <cuisine> restaurant near <location>,0,0,0,0,0,0,0,0,0,0,0,0,0,0,0,I am looking for <cuisine> restaurant near <mrt>
0,0,0,I am looking for <cuisine> cuisine near <location>,0,0,0,0,0,0,0,0,0,0,0,0,0,0,0,I am looking for <cuisine> cuisine near <mrt>
0,0,0,I am looking for <cuisine> food near <location>,0,0,0,0,0,0,0,0,0,0,0,0,0,0,0,I am looking for <cuisine> food near <mrt>
